key,value
aSPpPkWTOYYZgzxPekpdnKHEkPvUgrPW,OIvRlFBkdwdnVqyepzlB;bkUnFcNSXGBZSIiTHbKV;FRTiWXRvTAVRovDpBbiN||CRvxNBkeDKckrIvjJmxF;rJcOapkQxLBeGdtDpUty;iacwPRGAYGWrLFQHTOUY||BstrKKgEQvTMAsPdUNEU;hPdqcUyhcDEdFSQUYpzT;ZVrUEaEeCwAqUGKkonTT||bjlErcNEynHwEptGsSnf;ACkwcFByLpziybwRyUKO;zdqYllsjMQyWnAdgUMsH||sErkkBMoSmzRSQIrXlpw;kFiQCnVvoQUrXJSnPAhJ;xUzjWwtXOXvjGOstLJcm
bxdrcUBpFLGTaatYuHkUbIGzzLPnnfNd,OPLhtVYpsXsYmKspBHlx;OHYYIHTiCXvHUbrUOIDA;IIjcaAYWBEGMihyMXdft||iYeSVhaxsOrsKQGZJPVk;EVhBIjKBxIZNwbbFXgJV;bDiZQIXtepEEStBIcbyE||uimtXgMWQRzXTLpieTAM;YIjyrmwzBfoUkxgaDicV;mLFvTELaUSbOaKivuYXc||hhweSdYdXAQFzhYIWfFZ;XymLxBqxLZjvyuzDcKzE;GkIOhhwcWXxevoWNzJXN||gCbqtvQUNbgefThzAWaD;FHRwqsGiXrgrmLwekqwJ;qalPQOOcePCxtQvhoCgs
wsAdMEGBTRIOqBajeqzrnPvujHdveNJi,OJyuYDMEiRwAwdYXyGYO;NgIPmNDhSJHeuLWfVzZf;XfvuNflLrfxsFBZepoDp||NsHniloknBdoWBoRnqRk;PmHRGbgpJIvxlPkRaAGE;VlOdpeUWhJDVfMWOovJE||SwfeoyVRiracqXHUzpRl;ZIqVNuTBchnzpmdNzrvw;PWmTADeKLUGvJDmDZRnU||VTtXcOkthtiwJVJrdEvR;StkgphSFahMYheNDhhef;BPnyqMvZCdsreRuhItbN||ttctVSzZBQjjrTfGKzTZ;TLxVXjXFrAzmenIYCgsC;jMUJbRCrVVJQPEgqZwuC
rOvInZmohUpmEvJxwfyYthaTwAFzelOt,qnzOJlIbwRezHlxHCtCS;FzaMwRvsHqCrcKgraobE;FnbVGGLFInAlHMkQGLKp||zsQQUBiHVQapnaagdpdg;jetgXMKkEUbsiepwWCMq;mOxHxvtxUlZeXAgRIfGa||ehSIEaFakgWUEqSVooec;dRtJsrywOCqruqUNsCcM;MEapqkwRXCIQkIsPFXAd||GNcUzIYviRSgYmjCXWAc;cNXdbYuNmoLXWisYTomi;mydXSNzWrxOsYsAhnSsG||imHZLOTQMnQnEsuyrFHA;VSNNzDYqJrswTEBvLLgN;IObizKjaVlaRfQHQBTeq
rBjXmPyocriEdkwtgSQDybJODnBIebiG,ejoKBLFvcmxzbXlqrmQj;FraHabVpNKTbCTbmuEHC;xPKltVzrZNXjnRTjOaqE||ivKruDCdjtJAnPfcMbVv;ErTSzMXNTIdfrUbMTYBQ;VtLhaXnwmNUzjwNzIrJc||ewdYSAkfIoOvVIUigJkL;QgHHuZEoiDvBFqUcyOHQ;vrUcIEjJKEaysYvDoGoO||azWiZoXJdYhYZIWNdgyE;hgoCDdwIikXxJLZHMSsU;sngmYDCIaWPuXXefSyIE||sBSsmBOUrXtZeUIcMyMM;FLgEzqvoiDSLiISAEedM;KZmjMfbpSGDYWrGoyOkY
ruLWHJrmPbAAhGfvdfgALZmujupFgDcS,gMKQpIEXxWoRzoPLmgxc;dJrEpiRFewvPddpyjrfC;JMGCRiWVXxYXPZxtzffu||DjqcWSCEpedZffMwbBhZ;KgxiJrpPpkqMoCtYwjKK;zUHwTmeNGCoWQoZPfFna||HwiXMSiOuNbZoBEEOHEU;kaVQyPKatfHFUsFNwHwV;lEudilRFlHsoXxCCehig||sionCTGHyDxUniyVtNgA;ZXVHMDAaUgqXfIXAVDpA;aBhUShOhMBCsTeQfkDwB||vEmvZksMgEODVGnDTYfH;itiWtDzJkuyUjMchmrGt;uFAoOIZcClBytfhAdVNG
ESCwUtyLMAaOxsCFOebMSRVMsKxJzHDr,AmKgqBpMiGFSbHauvkML;LyPVCuGGzYDRqmjawZBG;pdafgyAuexkDZkjBDDpv||uDcDyGtusIZiCkcjRcIs;fOjqvBPKDfLQycMyFXBZ;RkdygiPpXTpoQUEVFVYP||bjGknpTiidkuisOKEyZY;OIwszRpGeADwuOuFkANB;VJaXyCPQpxwjSevVLRDd||LjrVWjBAOjAStGkATdYG;pSNLpqnGxLXWiDcKmddV;izAjCFGmJginmvidzyVo||GZzsUryWfYzhmZlCiIMT;uZcmqeXvXJLlWhIDogaK;ctSTnkHfSWWwEqQPihKQ
GgsnZCEABMXooxnTPxhLjLzizdTABzbp,wVQLNaXaMMrzSeXvtgSh;egvNnmESTrHgnnRAhOBd;HjmnWEViWuSNtSZnUePk||RhQgZAKkGEOqQxCbeLpW;KIFSFvbWLbgiRHwPwPJp;OdTDaVNQOjpVPbSZazkY||ycGknzsoEWZgNpNWvhdq;ZhmDvHMaMOiAnCfnliSD;NjVLgxfIaKVXEORgBzGR||qIrxKSDZlRNDnXRFQVtE;liFVYzLGLANqbidQWnpq;GAejhHMnnLqttVYTCXIV||XvkTaFQAdYicKQnNYpSQ;VdJbYiLZOAFOGqAZkVWa;DxTtRvYiLECSIUlwcgRq
ziINrrviMvwtgtvRZfmsZnYSZGypPlWX,MDaSWPqLMxULogTPXfAl;NNXxZNcONMbUVBkYdVni;ESAYlnnsrhVnAlDQEBuu||oYYHotHykoqWPhowCgLB;HMYHyTwMqYVaKKWwbxPd;racKxreRQSkYpGhTFdzu||yAJwSsRRKOTcSgkithbG;TKPxkBycqVhZgNSPnYjD;YlWlHTDbQTGZwqArVeYo||ediTiCBhtXvoNsOSvAtH;FHyXKfgnnyUlmhEJGVpb;pZcSXRWtdFPEXbJjhLYg||kDrkFapyGexXJZznehbH;AUIvGNkDtsABXMTlijnl;yZEfeelPzfVnyWHNjKaq
FLjebEEnbEPaMoRhlfxpCOCXrCcJKMnn,lkAoTKHHHMaSzbhHtzRN;CXWNebHwTAnwmHqttnai;dumKsuZaxeBZHazLoYba||YUOpBedSRGNcafGrbpyP;QjiYpNQzEXjRfJlOmHIK;THmEHeiCwNQsLTdTjqTI||aooFStnkvoPRemlGdBjU;mCUtpPJIzGpzDEvWawgU;eKKXFeptSudnxwBzXiXL||mhkOeRBJenneHMCkFJTm;IQzSVnmbqWibzNmrPquU;hzYExZHaslBfELBoWxsb||SIvAxDJKSQxvrCRMEFHo;LVofYFKjtbuEKrwSOxtQ;mtvGErERGsHsGMWvCtLx
ozvENhPXRdEQInqYZOKUJWMvmrungjJy,tzfLzkVgZkBHUrpiYpsA;dkNDQHxviZCGoDYWbPAd;QlaozYoMAxYnynJBSmiB||vgkjdbqcFTXKDbVLWaWQ;btKPvNowtweGisLHsLZx;obUgNRsqUshNhjINaZwh||QOwRVMWEQdTzMQRDhXbL;hgeKGyDKRNJFJMlbSrTq;xvBVIRkjvgxWZFfvztRt||IPaNJmRoUpZIDkevBTmC;kMAoNjsFlzYjrECSlqBL;qJBBECuEiunWozwfMlsy||UGvIcmEDIidSNNRuwgID;ONaWeuCefBBZtrSIGhEb;NCiPLNEvuoAkxVvDYicA
mWhgAKmKQSyFFOQhEccCpWDfeuQPcmRP,LcqQCezDvfQbPguyQzic;yGsuiTelJhmWIJVicXYm;sxOdbGWqWLvPpWKPKuCl||xcvOiNewRJJVBvTCFjlW;uFIUJpGaSeFEGCvAbdVW;rsZJnRSulJrZYKTCqRTn||lAVTAVwJczbFlratZasx;iGUiVGKQaiwAfFwUVawH;zhPxjImqEMFfIOJIOcej||RGIriepgCUCFVNCcQMkJ;WIjKxsXuiqnPqdRBFdrZ;jkvjtVCFGRSKYrxagQPl||ptuFrwqfORkAclqUaKZS;LfYTvuLVBWOvXOMHskvt;KnHCFkbAyptrkorZkDNh
vLXZFKCidjxKSaPyAeXSeDzGcOMRcBMj,BzrafUQavcWsyBwmnFcI;mSWaHTEvgUlegSWZmVEL;FKYWoSxxIKRkEPipRsVf||XmhQsxdODcCKiBtrsdsI;HrZRRpzBZJBouRsJfnwW;FCBwqZQokLKzjQeZFbUm||TEjQrddnLytHfWSfEEAm;wDQjMdpTycVSsedvYjDm;bKJuGbaIHwXNdgmfJrRb||NnKPIABIgycbTlPotonU;cgAIcpjMAyIDveNmUFoc;FuieRdYyFZDTUYUazRRu||RZZuEAFFXIvcrxbHCseI;wyDRqNeHEeaVVVYwkMkp;KrHdcqdUOAVBjdWRiXTO
DgpPCIDJDhsvZJvWgcZMmKwzvMoDAWNB,AsdeNeZDpVUaZqIZIsQX;XvFpozzbjPSKrscGNLGU;rbCwstyXiZmfFdwJeBvD||wgwdSqtRSLoedYBhCLjv;MeQdZNcyNxUdPRDsjPCX;TKldPILfNMNyTMdwUpGn||NnShrpFFmRvvQJQJOOqS;gipeJMwvBtPhRjxIcTcg;TRfnHtPcOPckwqGfootn||hdlOIhbPzRgHLzpYaWpr;LcJIzXzLcAutAitsyAjb;eeoZqVnqKEhsKUQgvWAu||MobXayBPNiyXviSoqDnJ;TJgSkkQQWmYMTmPqdFJZ;sOsAugFHEnKagQylDdCE
diWtaSHoOvKRDcVYOyyDSMKhjKAGrskc,akOrTABHWsJAcIDFfLyt;VnAOfYcexbNvoSYZelna;eLNYhGQHxHsVxzUFnOZL||QykpjWtuTmidehgFGYHK;SGJtDfGgCYBmABxiLYgm;uSqhTvARTIrHLKKQObki||MeQxeajMcXXYujhwfouy;IIihvbqvpxqGbtqXouxk;WuPALpwEvAXtllmtZeCD||ICOgVnJLukHuYLJhjbQA;pCfbJiymRbEnBKSDMeJT;bwtmxOqEyLuBlYDXVZLH||DFJjVZEpKKHhfSPZxygi;wOFyPWYXvgiCYuggtpvi;mUlHbfXqEHLgwPZbMSDd
MHuGJiJxBLzkpOWJvOpcwpFRsNpXivpI,zWbknVuPGeQRijmKKdMm;vIguycrjUwDQwcZmQQZL;NixWQRJwrxASQaqjWrIv||CwRLyAHEldGtcWiePDtZ;cPDAimstqfWkuTpLJzJD;zrqvwUbNeiNnAaJwEwmv||VoSyUgbaEFXpibajoUoF;LbtKKbhPgiPUXjpAMItt;DquPEHAZheMvVqqFqTis||RTgGhQRxrapUpftvNClx;CjPcvlxNslNjCSwHwwqX;bMGJgiYZXLzQVcPHWjse||ivYmdcIsvaDGehANaQzn;jXzYidONnELDKwsSwiuq;ESKjXZDMpmOcRsZIBAhY
yYffJwtEkBDYPPAnTNpVsBZSJeszRUYY,yOxiyMdOkXcqiPbMcLmo;oaeScrVGEsrxfiTdjfjR;bWMLihIlJCPhgMLhUpKP||jzoeWbQhBIsIwHetmaMy;LlEYFNGRZCVkhPphJtUp;QPzjrgQEcADZHlEUESGR||bLhHNnDmQUKoDKymaVGf;AcDIjRADbyPENpzbvbbH;jsyrInneoXbsBmqcGcun||bEcvBVKmKvFEzBPPnvHB;fdYhSMYhbORMcZVGtIeh;YCoLiVVFiPCrCAkxopJa||dNabuOqDVcQeiwOpURlR;RWXUkaNSlUjLihFGtAQC;cQUqJnysSNMPWJLNlIZR
BpqHeUHKmjvelLNROGVuscHWQhvpTpYB,UAnPlFPRiMXviGleYFai;FJkdEHlUDMSvIKRBbxfD;fZXYuAqSPQrMWbSxRVTa||eQXLamyQGGMewEcIhrtC;hhDqlVdPuhIWANzUlcga;slWsZOwztDSkDPtcpOfD||LyUdZzYdRamohDVnfRZv;bVvUOIDTFgEkXvTOhmBz;CoEkNGEEEiBibllFbsWo||BSKuyvXqmocYjmqPmUFe;qeyuhuxysuzXvCfvrmqY;yCswblyQLFdoaTMVTDoX||QEqKpZFwKAjdBAYtkESC;nkTFAZSCpHMgOIAvJbOa;hARvBSgOKtlrnvVLKVQo
nGduYbbuVFeTqlPGZpEUUiQtsCUpMNYd,DsuIDaXLKSNuPeROFWgx;tdFCDWkJvbuLNagDMmQT;fhjkRMjZsVGcCrfCspee||dbWoQThkJUKEtNdYCfAg;izVfoXsNoVfYyvkTrsel;TyhZXnQWwmpjLCDIXAgr||MiPvWkixQDavFHhgvmJc;awZZnOAMrDippEvJwZhD;JsywkpnBubhrxcLApxBH||pZRcLcxczVaWDVMkJQQm;rmCRDkUhAOIegvqJwDMz;mkBXPJVuecelgvQpoVgj||RRVtuLELPHvCXnwawATr;dnWNsNJCzcwWvEDMKgju;TjIPkRIjsBQqfudqPVmQ
nDSbhUKvwuIZAEGEKoxVsZvLlbLlcLeJ,oAVKgHjAiOaFLYQCRcve;GkRRZBCgjHaqkdgvKhJh;uTVKQplxNVMRAZkRzRYU||attjArxVERRYLUSzeeMl;ChAEusvPMGahClUyBvkT;mtWcmqqTIuSFWjBvJvaX||bxObNEnBpbMxXoGObALP;OLeDInfGqKfSWhSMecxJ;IDasXQKaieNiYeBqgIis||ZGLqOOcGuaQahiaiDvjN;zVOAjwagxKpzKdMZawEV;MspRzTuVRiLyIOyDErrp||ataTidbxdbSrHzLAoXKy;TlMdEZisZEHfToAdvJwH;CXqcpAMSMhIGBATbkHAm
